Workbook

Sheet Start here
B2: Coaching progress tracker
B4: How to use it
B5: 1. Clients add one row per check-in on the Check-in tab. Yellow cells are the only cells to fill in.
B6: 2. Dropdowns keep answers consistent: workouts 0-7, energy 1-5, nutrition Yes/No.
B7: 3. My progress updates by itself - no typing needed there.
B8: 4. Coach dashboard shows every client on one screen, colored by status.
B10: In the Google Sheets version
B11: - Each client gets their own private copy, so no one sees anyone else's data.
B12: - Clients can check in from their phone with a simple form instead of typing into cells.
B13: - The coach dashboard pulls from every client sheet automatically.
B15: Rows marked 'Sample' are example data. Delete them before use.

Sheet Coach dashboard
A1: Coach dashboard
A2: Review date | B2: =TODAY() -> 46300 | C2: Set a fixed date here to review an older week.
A4: Client | B4: Goal | C4: Last check-in | D4: Days since | E4: Weight change (kg) | F4: Workouts / week | G4: Nutrition on track | H4: Status
A5: Maria | B5: Lose | C5: =_xlfn.MAXIFS('Client data'!$B$2:$B$38,'Client data'!$A$2:$A$38,A5) -> 46293 | D5: =$B$2-C5 -> 7 | E5: =SUMIFS('Client data'!$C$2:$C$38,'Client data'!$A$2:$A$38,A5,'Client data'!$B$2:$B$38,C5)-SUMIFS('Client data'!$C$2:$C$38,'Client data'!$A$2:$A$38,A5,'Client data'!$B$2:$B$38,_xlfn.MINIFS('Client data'!$B$2:$B$38,'Client data'!$A$2:$A$38,A5)) -> -2.6 | F5: =AVERAGEIFS('Client data'!$D$2:$D$38,'Client data'!$A$2:$A$38,A5) -> 3.75 | G5: =COUNTIFS('Client data'!$A$2:$A$38,A5,'Client data'!$E$2:$E$38,"Yes")/COUNTIF('Client data'!$A$2:$A$38,A5) -> 0.875 | H5: =IF(D5>10,"Missed check-in",IF(OR(G5<0.6,F5<2,AND(B5="Lose",E5>0),AND(B5="Gain",E5<0)),"Needs attention","On track")) -> On track
A6: Daniel | B6: Gain | C6: =_xlfn.MAXIFS('Client data'!$B$2:$B$38,'Client data'!$A$2:$A$38,A6) -> 46293 | D6: =$B$2-C6 -> 7 | E6: =SUMIFS('Client data'!$C$2:$C$38,'Client data'!$A$2:$A$38,A6,'Client data'!$B$2:$B$38,C6)-SUMIFS('Client data'!$C$2:$C$38,'Client data'!$A$2:$A$38,A6,'Client data'!$B$2:$B$38,_xlfn.MINIFS('Client data'!$B$2:$B$38,'Client data'!$A$2:$A$38,A6)) -> 1.9 | F6: =AVERAGEIFS('Client data'!$D$2:$D$38,'Client data'!$A$2:$A$38,A6) -> 4.375 | G6: =COUNTIFS('Client data'!$A$2:$A$38,A6,'Client data'!$E$2:$E$38,"Yes")/COUNTIF('Client data'!$A$2:$A$38,A6) -> 0.875 | H6: =IF(D6>10,"Missed check-in",IF(OR(G6<0.6,F6<2,AND(B6="Lose",E6>0),AND(B6="Gain",E6<0)),"Needs attention","On track")) -> On track
A7: Linda | B7: Lose | C7: =_xlfn.MAXIFS('Client data'!$B$2:$B$38,'Client data'!$A$2:$A$38,A7) -> 46279 | D7: =$B$2-C7 -> 21 | E7: =SUMIFS('Client data'!$C$2:$C$38,'Client data'!$A$2:$A$38,A7,'Client data'!$B$2:$B$38,C7)-SUMIFS('Client data'!$C$2:$C$38,'Client data'!$A$2:$A$38,A7,'Client data'!$B$2:$B$38,_xlfn.MINIFS('Client data'!$B$2:$B$38,'Client data'!$A$2:$A$38,A7)) -> 0.4 | F7: =AVERAGEIFS('Client data'!$D$2:$D$38,'Client data'!$A$2:$A$38,A7) -> 1.1666667 | G7: =COUNTIFS('Client data'!$A$2:$A$38,A7,'Client data'!$E$2:$E$38,"Yes")/COUNTIF('Client data'!$A$2:$A$38,A7) -> 0.16666667 | H7: =IF(D7>10,"Missed check-in",IF(OR(G7<0.6,F7<2,AND(B7="Lose",E7>0),AND(B7="Gain",E7<0)),"Needs attention","On track")) -> Missed check-in
A8: Tom | B8: Maintain | C8: =_xlfn.MAXIFS('Client data'!$B$2:$B$38,'Client data'!$A$2:$A$38,A8) -> 46293 | D8: =$B$2-C8 -> 7 | E8: =SUMIFS('Client data'!$C$2:$C$38,'Client data'!$A$2:$A$38,A8,'Client data'!$B$2:$B$38,C8)-SUMIFS('Client data'!$C$2:$C$38,'Client data'!$A$2:$A$38,A8,'Client data'!$B$2:$B$38,_xlfn.MINIFS('Client data'!$B$2:$B$38,'Client data'!$A$2:$A$38,A8)) -> 0 | F8: =AVERAGEIFS('Client data'!$D$2:$D$38,'Client data'!$A$2:$A$38,A8) -> 3.25 | G8: =COUNTIFS('Client data'!$A$2:$A$38,A8,'Client data'!$E$2:$E$38,"Yes")/COUNTIF('Client data'!$A$2:$A$38,A8) -> 0.875 | H8: =IF(D8>10,"Missed check-in",IF(OR(G8<0.6,F8<2,AND(B8="Lose",E8>0),AND(B8="Gain",E8<0)),"Needs attention","On track")) -> On track
A9: Grace | B9: Lose | C9: =_xlfn.MAXIFS('Client data'!$B$2:$B$38,'Client data'!$A$2:$A$38,A9) -> 46290 | D9: =$B$2-C9 -> 10 | E9: =SUMIFS('Client data'!$C$2:$C$38,'Client data'!$A$2:$A$38,A9,'Client data'!$B$2:$B$38,C9)-SUMIFS('Client data'!$C$2:$C$38,'Client data'!$A$2:$A$38,A9,'Client data'!$B$2:$B$38,_xlfn.MINIFS('Client data'!$B$2:$B$38,'Client data'!$A$2:$A$38,A9)) -> 0.5 | F9: =AVERAGEIFS('Client data'!$D$2:$D$38,'Client data'!$A$2:$A$38,A9) -> 1.8571429 | G9: =COUNTIFS('Client data'!$A$2:$A$38,A9,'Client data'!$E$2:$E$38,"Yes")/COUNTIF('Client data'!$A$2:$A$38,A9) -> 0.28571429 | H9: =IF(D9>10,"Missed check-in",IF(OR(G9<0.6,F9<2,AND(B9="Lose",E9>0),AND(B9="Gain",E9<0)),"Needs attention","On track")) -> Needs attention
A11: Status rules: missed check-in after 10 days; needs attention if nutrition under 60%, fewer than 2 workouts a week, or weight moving away from the goal.

Sheet Check-in
A1: Date | B1: Weight (kg) | C1: Waist (cm) | D1: Steps (daily avg) | E1: Workouts done | F1: Sleep (hours) | G1: Energy (1-5) | H1: Nutrition on track? | I1: Notes | J1: Row type
A2: 46244 | B2: 82.4 | C2: 94 | D2: 6200 | E2: 3 | F2: 6.5 | G2: 3 | H2: Yes | I2: First week, sore legs | J2: Sample
A3: 46251 | B3: 81.9 | C3: 93 | D3: 7100 | E3: 4 | F3: 7 | G3: 3 | H3: Yes | J3: Sample
A4: 46258 | B4: 81.6 | C4: 93 | D4: 6800 | E4: 3 | F4: 6 | G4: 2 | H4: No | I4: Work trip, ate out | J4: Sample
A5: 46265 | B5: 81 | C5: 92 | D5: 8200 | E5: 4 | F5: 7.5 | G5: 4 | H5: Yes | I5: Felt strong on squats | J5: Sample
A6: 46272 | B6: 80.7 | C6: 91 | D6: 8600 | E6: 4 | F6: 7 | G6: 4 | H6: Yes | J6: Sample
A7: 46279 | B7: 80.8 | C7: 91 | D7: 7900 | E7: 3 | F7: 6.5 | G7: 3 | H7: Yes | I7: Bit stressed | J7: Sample
A8: 46286 | B8: 80.1 | C8: 90 | D8: 9100 | E8: 5 | F8: 7.5 | G8: 5 | H8: Yes | I8: Best week so far | J8: Sample
A9: 46293 | B9: 79.8 | C9: 89 | D9: 9400 | E9: 4 | F9: 7 | G9: 4 | H9: Yes | J9: Sample

Sheet My progress
B2: My progress
B3: Updates by itself from your check-ins.
B5: Check-ins so far | C5: =COUNT('Check-in'!A2:A59) -> 8
B6: Starting weight (kg) | C6: =IFERROR(INDEX('Check-in'!B2:B59,MATCH(MIN('Check-in'!A2:A59),'Check-in'!A2:A59,0)),"-") -> 82.4
B7: Latest weight (kg) | C7: =IFERROR(INDEX('Check-in'!B2:B59,MATCH(MAX('Check-in'!A2:A59),'Check-in'!A2:A59,0)),"-") -> 79.8
B8: Change (kg) | C8: =IFERROR(C7-C6,"-") -> -2.6
B9: Waist change (cm) | C9: =IFERROR(INDEX('Check-in'!C2:C59,MATCH(MAX('Check-in'!A2:A59),'Check-in'!A2:A59,0))-INDEX('Check-in'!C2:C59,MATCH(MIN('Check-in'!A2:A59),'Check-in'!A2:A59,0)),"-") -> -5
B10: Avg steps, last 4 check-ins | C10: =IFERROR(AVERAGEIFS('Check-in'!D2:D59,'Check-in'!A2:A59,">="&(MAX('Check-in'!A2:A59)-21)),"-") -> 8750
B11: Avg workouts per week | C11: =IFERROR(AVERAGE('Check-in'!E2:E59),"-") -> 3.75
B12: Nutrition on track | C12: =IFERROR(COUNTIF('Check-in'!H2:H59,"Yes")/COUNTA('Check-in'!H2:H59),"-") -> 0.875
B13: Average energy (1-5) | C13: =IFERROR(AVERAGE('Check-in'!G2:G59),"-") -> 3.5

Sheet Client data
A1: Client | B1: Date | C1: Weight (kg) | D1: Workouts done | E1: Nutrition on track?
A2: Maria | B2: 46244 | C2: 82.4 | D2: 3 | E2: Yes
A3: Maria | B3: 46251 | C3: 81.9 | D3: 4 | E3: Yes
A4: Maria | B4: 46258 | C4: 81.6 | D4: 3 | E4: No
A5: Maria | B5: 46265 | C5: 81 | D5: 4 | E5: Yes
A6: Maria | B6: 46272 | C6: 80.7 | D6: 4 | E6: Yes
A7: Maria | B7: 46279 | C7: 80.8 | D7: 3 | E7: Yes
A8: Maria | B8: 46286 | C8: 80.1 | D8: 5 | E8: Yes
A9: Maria | B9: 46293 | C9: 79.8 | D9: 4 | E9: Yes
A10: Daniel | B10: 46244 | C10: 70.1 | D10: 4 | E10: Yes
A11: Daniel | B11: 46251 | C11: 70.4 | D11: 4 | E11: Yes
A12: Daniel | B12: 46258 | C12: 70.6 | D12: 5 | E12: Yes
A13: Daniel | B13: 46265 | C13: 70.9 | D13: 4 | E13: No
... A38: Grace | B38: 46290 | C38: 69 | D38: 1 | E38: No
